<?xml version="1.0" encoding="UTF-8"?>
<addon id="skin.estuary.modv2" version="3.0.7" name="Estuary MOD V2 (KODI 18)" provider-name="Guilouz">
	<requires>
		<import addon="xbmc.gui" version="5.14.0"/>
		<import addon="script.skinshortcuts" version="0.6.5"/>
		<import addon="script.skin.helper.service" version="1.0.0"/>
        <import addon="script.skin.helper.widgets" version="1.0.0"/>
        <import addon="script.image.resource.select" version="1.0.0"/>
	</requires>
	<extension point="xbmc.gui.skin" debugging="false">
		<res width="1920" height="1440" aspect="4:3" default="false" folder="xml" />
		<res width="1920" height="1280" aspect="3:2" default="false" folder="xml" />
		<res width="1920" height="1200" aspect="16:10" default="false" folder="xml" />
		<res width="2040" height="1080" aspect="17:9" default="false" folder="xml" />
		<res width="1920" height="1080" aspect="16:9" default="true" folder="xml" />
		<res width="2338" height="1080" aspect="19.5:9" default="false" folder="xml" />
 		<res width="2160" height="1080" aspect="18:9" default="false" folder="xml" />
		<res width="2560" height="1080" aspect="21:9" default="false" folder="xml" />
	</extension>
	<extension point="xbmc.service" library="scripts/viewswitcher.py" visible="!String.IsEmpty(Window(home).Property(CurrentSkin)) + Skin.HasSetting(ForcedViews.Enabled)" />
	<extension point="kodi.context.item">
      	<menu id="kodi.core.main">
      		<item library="scripts/context_menu_jumptoletter.py">
 				<label>$LOCALIZE[40165]</label>
 				<visible>!String.IsEmpty(Window(home).Property(CurrentSkin)) + [String.IsEqual(ListItem.dbtype,movie) | String.IsEqual(ListItem.dbtype,set) | String.IsEqual(ListItem.dbtype,tvshow) | String.IsEqual(ListItem.dbtype,artist) | String.IsEqual(ListItem.dbtype,album) | String.IsEqual(ListItem.dbtype,musicvideo) | Container.Content(addons)] + !Window.IsVisible(Home)</visible>
 			</item>
      		<item library="scripts/context_menu_moviessets.py">
 				<label>$LOCALIZE[40181]</label>
 				<visible>!String.IsEmpty(Window(home).Property(CurrentSkin)) + String.IsEqual(ListItem.DBType,set) + !Window.IsVisible(Home)</visible>
 			</item>
      		<item library="scripts/context_menu_extendedinfo.py">
        		<label>$LOCALIZE[40182]</label>
        		<visible>!String.IsEmpty(Window(home).Property(CurrentSkin)) + System.HasAddon(script.extendedinfo) + !System.HasAddon(context.extendedinfo.dialog) + [String.IsEqual(ListItem.dbtype,movie) | String.IsEqual(ListItem.dbtype,tvshow) | String.IsEqual(ListItem.dbtype,season) | String.IsEqual(ListItem.dbtype,actor) | String.IsEqual(ListItem.dbtype,director)]</visible>
      		</item>
    	</menu>
 	</extension>
	<extension point="xbmc.addon.metadata">
		<summary lang="en_GB">Estuary MOD V2 skin by Guilouz</summary>		
		<description lang="en_GB">Estuary MOD V2 is a mod from Estuary by Guilouz for Kodi 18. It attempts to be easy for first time Kodi users to understand and use.</description>
		<platform>all</platform>
		<license>CC BY-SA 4.0, GNU GENERAL PUBLIC LICENSE Version 2.0</license>
		<source>https://github.com/Guilouz/skin.estuary.modv2</source>
			<assets>
				<icon>resources/icon.png</icon>
				<fanart>resources/fanart.jpg</fanart>
				<screenshot>resources/screenshot-01.jpg</screenshot>
				
			</assets>
			<news>]testbug'mod</news>
	</extension>
</addon>
